{"s11_in": [1016.250193000269, 108.9335243703049, 0.5257463469627138], "s12_in": [941.1847161065807, 88.6889158630226, 0.03634522493079354], "s13_in": [591.3975091877928, 73.05836489516935, 0.3062705272790242], "s14_in": [775.217775998395, 83.63710185193938, 0.4032410630500702]}